1.060828019397391131e+00,1.450099914405984292e+00,6.449540919474718859e-01,5.998814305923885204e-01,-1.275799784380210466e+00,-1.615862165978448450e+00,-7.151434838839676456e-01
1.471627394521646481e+00,1.450099914405984292e+00,1.549940782011187457e+00,8.203923420340152317e-01,-1.458604348386630223e+00,-1.615862165978448450e+00,-7.151434838839676456e-01
1.165916231638479683e+00,1.450099914405984292e+00,1.162089343412452180e+00,5.205441714493692640e-01,-1.641408912393049979e+00,-1.615862165978448450e+00,-7.151434838839676456e-01
1.032167597877094334e+00,1.450099914405984292e+00,1.162089343412452180e+00,5.170439982518831856e-01,-1.275799784380210466e+00,-1.615862165978448450e+00,-7.151434838839676456e-01
1.013060650196896395e+00,1.450099914405984292e+00,9.035217176799620331e-01,5.357115886384758996e-01,-1.824213476399469736e+00,-1.615862165978448450e+00,-7.151434838839676456e-01
2.226351827889464730e+00,1.450099914405984292e+00,2.403213946928405065e+00,1.576429752691021369e+00,-2.007018040405889270e+00,-1.615862165978448450e+00,-7.151434838839676456e-01
2.331440040130553282e+00,1.450099914405984292e+00,2.842778910673638304e+00,1.542594745115322130e+00,-2.555431732425148539e+00,-1.615862165978448450e+00,-7.151434838839676456e-01
2.474742147732037267e+00,1.450099914405984292e+00,3.101346536406128340e+00,1.674434602220633339e+00,-2.007018040405889270e+00,-1.615862165978448450e+00,-7.151434838839676456e-01
1.853766348125605035e+00,1.450099914405984292e+00,2.196359846342412769e+00,1.003568072702456515e+00,-2.555431732425148539e+00,-1.615862165978448450e+00,-7.151434838839676456e-01
1.376092656120657010e+00,1.450099914405984292e+00,1.420656969144942439e+00,7.223874925044033724e-01,-2.738236296431568295e+00,-1.615862165978448450e+00,-7.151434838839676456e-01
1.949301086526594728e+00,1.450099914405984292e+00,1.162089343412452180e+00,8.997296011770344881e-01,-2.189822604412309026e+00,-1.615862165978448450e+00,-7.151434838839676456e-01
2.474742147732037267e+00,1.450099914405984292e+00,3.101346536406128340e+00,1.121906317426530075e-01,-2.007018040405889270e+00,-1.615862165978448450e+00,-7.151434838839676456e-01
-7.925459055818074861e-01,-8.846105521176756969e-01,-2.600325981162437405e-01,-7.208505892590482134e-01,-1.789724003416921783e-01,-1.615862165978448450e+00,1.772005775338106881e+00
1.949937082660427659e-02,2.827446811441542973e-01,-2.600325981162437405e-01,-1.829906412453447817e-01,3.832163664727537746e-03,-1.615862165978448450e+00,-7.151434838839676456e-01
2.905284466670323903e-02,2.827446811441542973e-01,-2.083190729697457222e-01,-2.518273807959054977e-01,3.832163664727537746e-03,-1.615862165978448450e+00,-7.151434838839676456e-01
-9.454014870233908852e-01,-8.846105521176756969e-01,-4.410299361289868880e-01,-1.003197893856263567e+00,-3.617769643481119068e-01,-1.615862165978448450e+00,1.772005775338106881e+00
-9.454014870233908852e-01,-8.846105521176756969e-01,-1.527013964205445662e+00,-1.347381591609067231e+00,1.831877803728924725e+00,-1.615862165978448450e+00,5.284311457270696177e-01
-8.212063271021043942e-01,-8.846105521176756969e-01,-4.668866987022358694e-01,-3.708332695104342713e-01,7.350504196904064091e-01,-1.615862165978448450e+00,5.284311457270696177e-01
-8.498667486224013023e-01,-8.846105521176756969e-01,-3.893164109824888142e-01,-6.531805741076495142e-01,-3.617769643481119068e-01,-1.615862165978448450e+00,5.284311457270696177e-01
-8.785271701426982105e-01,-8.846105521176756969e-01,-2.600325981162437405e-01,-7.173504160615621350e-01,7.350504196904064091e-01,-1.615862165978448450e+00,5.284311457270696177e-01
-7.161181148610158420e-01,-8.846105521176756969e-01,2.053891282022385634e-01,-8.818585563434107044e-01,-1.092995220373790710e+00,-1.615862165978448450e+00,5.284311457270696177e-01
1.567162132922636175e+00,1.450099914405984292e+00,2.842778910673638304e+00,1.896112238061422151e+00,-5.445815283545316632e-01,-1.615862165978448450e+00,-7.151434838839676456e-01
1.060828019397391131e+00,1.450099914405984292e+00,2.454927472074903250e+00,1.617265106661692986e+00,-1.789724003416921783e-01,-1.615862165978448450e+00,-7.151434838839676456e-01
1.165916231638479683e+00,1.450099914405984292e+00,2.713495097807393286e+00,1.624265453056665365e+00,-7.273860923609513085e-01,-1.615862165978448450e+00,-7.151434838839676456e-01
1.032167597877094334e+00,1.450099914405984292e+00,2.273930134062160047e+00,2.032618992763381538e+00,1.100659547703245922e+00,-1.615862165978448450e+00,-7.151434838839676456e-01
-9.454014870233908852e-01,-8.846105521176756969e-01,-4.410299361289868880e-01,-1.003197893856263567e+00,-3.617769643481119068e-01,-1.345145818284859240e+00,1.772005775338106881e+00
-5.346021118991355348e-01,-8.846105521176756969e-01,-3.893164109824888142e-01,-8.468568243685492547e-01,3.832163664727537746e-03,-1.345145818284859240e+00,-7.151434838839676456e-01
-7.925459055818074861e-01,-8.846105521176756969e-01,-2.600325981162437405e-01,-8.888589027383829722e-01,-5.445815283545316632e-01,-1.345145818284859240e+00,1.772005775338106881e+00
3.443174813899689823e-01,2.827446811441542973e-01,-1.307487852499986669e-01,-4.151687966785920225e-01,-9.101906563673710648e-01,-1.345145818284859240e+00,-7.151434838839676456e-01
2.774431645092762522e-01,2.827446811441542973e-01,-1.464972383753568785e-03,5.240443446468554534e-01,3.832163664727537746e-03,-1.345145818284859240e+00,-7.151434838839676456e-01
5.162800105117503202e-01,2.827446811441542973e-01,-1.307487852499986669e-01,3.957046607390303228e-01,3.832163664727537746e-03,-1.345145818284859240e+00,-7.151434838839676456e-01
5.162800105117503202e-01,2.827446811441542973e-01,-4.410299361289868880e-01,3.642031019616550624e-01,3.832163664727537746e-03,-1.345145818284859240e+00,-7.151434838839676456e-01
1.471627394521646481e+00,1.450099914405984292e+00,1.549940782011187457e+00,1.422422132001631256e+00,-1.275799784380210466e+00,-1.345145818284859240e+00,-7.151434838839676456e-01
1.949301086526594728e+00,1.450099914405984292e+00,1.808508407743677715e+00,1.719936853787953135e+00,-1.458604348386630223e+00,-1.345145818284859240e+00,-7.151434838839676456e-01
1.481180868361745562e+00,1.450099914405984292e+00,1.239659631132199236e+00,1.358252290047718747e+00,-7.273860923609513085e-01,-1.345145818284859240e+00,-7.151434838839676456e-01
1.165916231638479683e+00,1.450099914405984292e+00,1.162089343412452180e+00,1.290582274896320047e+00,-9.101906563673710648e-01,-1.345145818284859240e+00,-7.151434838839676456e-01
1.786892031244912360e+00,1.450099914405984292e+00,1.937792220609922733e+00,2.292798533776517989e+00,-1.458604348386630223e+00,-1.345145818284859240e+00,-7.151434838839676456e-01
1.949301086526594728e+00,1.450099914405984292e+00,1.679224594877432475e+00,2.048953134351650274e+00,-1.275799784380210466e+00,-1.345145818284859240e+00,-7.151434838839676456e-01
1.949301086526594728e+00,1.450099914405984292e+00,1.808508407743677715e+00,2.508642547621496632e+00,-1.275799784380210466e+00,-1.345145818284859240e+00,-7.151434838839676456e-01
5.927078012325419643e-01,2.827446811441542973e-01,1.278188404824915081e-01,-3.248319375344076165e-02,-7.273860923609513085e-01,-1.345145818284859240e+00,-7.151434838839676456e-01
-5.346021118991355348e-01,-8.846105521176756969e-01,-8.547381373009711458e-01,-6.788485108892146069e-01,1.283464111709665678e+00,-1.345145818284859240e+00,-7.151434838839676456e-01
5.162800105117503202e-01,2.827446811441542973e-01,-1.307487852499986669e-01,3.408686139784141145e-01,-1.789724003416921783e-01,-1.345145818284859240e+00,-7.151434838839676456e-01
5.162800105117503202e-01,2.827446811441542973e-01,-4.410299361289868880e-01,1.740270248982414836e-01,-3.617769643481119068e-01,-1.345145818284859240e+00,-7.151434838839676456e-01
-7.065646410209168726e-01,-8.846105521176756969e-01,-4.927434612754849064e-01,-8.981926979316793291e-01,-5.445815283545316632e-01,-1.345145818284859240e+00,-7.151434838839676456e-01
-7.638854840615105779e-01,-8.846105521176756969e-01,-3.893164109824888142e-01,-1.011364964650397935e+00,-5.445815283545316632e-01,-1.345145818284859240e+00,5.284311457270696177e-01
-1.117364016145172334e+00,-8.846105521176756969e-01,-9.064516624474692197e-01,-1.068534460209338066e+00,1.466268675716085435e+00,-1.345145818284859240e+00,5.284311457270696177e-01
-1.031382751584281499e+00,-8.846105521176756969e-01,-7.513110870079751091e-01,-1.079034979801796634e+00,-3.617769643481119068e-01,-1.345145818284859240e+00,5.284311457270696177e-01
-1.193791806865963867e+00,-8.846105521176756969e-01,-1.035735475313714238e+00,-1.419718504357114108e+00,1.283464111709665678e+00,-1.345145818284859240e+00,1.772005775338106881e+00
-1.184238333025865009e+00,-8.846105521176756969e-01,-9.323084250207182011e-01,-1.606394408223041692e+00,9.178549836968261655e-01,-1.345145818284859240e+00,1.772005775338106881e+00
-9.454014870233908852e-01,-8.846105521176756969e-01,-1.165019288179959256e+00,-1.348548316008229220e+00,1.283464111709665678e+00,-1.345145818284859240e+00,5.284311457270696177e-01
-1.002722330063984701e+00,-8.846105521176756969e-01,-9.064516624474692197e-01,-1.207374663709621654e+00,1.831877803728924725e+00,-1.345145818284859240e+00,-7.151434838839676456e-01
-7.925459055818074861e-01,-8.846105521176756969e-01,-2.600325981162437405e-01,-8.305226827802806300e-01,3.832163664727537746e-03,-1.074429470591270031e+00,1.772005775338106881e+00
-9.406247501033414560e-01,-8.846105521176756969e-01,-6.478840367149789614e-01,-1.007864791452911746e+00,5.522458556839866528e-01,-1.074429470591270031e+00,-7.151434838839676456e-01
-9.454014870233908852e-01,-8.846105521176756969e-01,-1.320159863619453366e+00,-8.585240683601697009e-01,2.928705187767443263e+00,-1.074429470591270031e+00,5.284311457270696177e-01
-7.065646410209168726e-01,-8.846105521176756969e-01,-4.927434612754849064e-01,-8.911923515367070614e-01,3.694412916775670075e-01,-1.074429470591270031e+00,-7.151434838839676456e-01
1.471627394521646481e+00,1.450099914405984292e+00,1.549940782011187457e+00,1.498259217947164323e+00,-1.275799784380210466e+00,-1.074429470591270031e+00,-7.151434838839676456e-01
1.949301086526594728e+00,1.450099914405984292e+00,1.808508407743677715e+00,1.627765626254151554e+00,-1.275799784380210466e+00,-1.074429470591270031e+00,-7.151434838839676456e-01
1.165916231638479683e+00,1.450099914405984292e+00,1.162089343412452180e+00,1.336084526463639843e+00,-7.273860923609513085e-01,-1.074429470591270031e+00,-7.151434838839676456e-01
1.481180868361745562e+00,1.450099914405984292e+00,1.239659631132199236e+00,1.329084180068667687e+00,-9.101906563673710648e-01,-1.074429470591270031e+00,-7.151434838839676456e-01
1.032167597877094334e+00,1.450099914405984292e+00,1.162089343412452180e+00,7.958911296516123501e-01,-1.458604348386630223e+00,-1.074429470591270031e+00,-7.151434838839676456e-01
2.226351827889464730e+00,1.450099914405984292e+00,2.661781572660895101e+00,1.917113277246339065e+00,-1.641408912393049979e+00,-1.074429470591270031e+00,-7.151434838839676456e-01
1.471627394521646481e+00,1.450099914405984292e+00,1.291373156278697421e+00,1.764272380956110942e+00,-7.273860923609513085e-01,-1.074429470591270031e+00,-7.151434838839676456e-01
1.471627394521646481e+00,1.450099914405984292e+00,1.420656969144942439e+00,1.710603058594656778e+00,-7.273860923609513085e-01,-1.074429470591270031e+00,-7.151434838839676456e-01
1.949301086526594728e+00,1.450099914405984292e+00,2.196359846342412769e+00,1.670934429023147150e+00,-1.092995220373790710e+00,-1.074429470591270031e+00,-7.151434838839676456e-01
-1.203345280706062947e+00,-1.468288168748590694e+00,-2.083190729697457222e-01,-7.698530140238541986e-01,-7.273860923609513085e-01,-1.074429470591270031e+00,1.772005775338106881e+00
1.032167597877094334e+00,1.450099914405984292e+00,1.162089343412452180e+00,1.052570497467262500e+00,-1.092995220373790710e+00,-1.074429470591270031e+00,-7.151434838839676456e-01
1.060828019397391131e+00,1.450099914405984292e+00,6.449540919474718859e-01,1.292915723694644248e+00,-5.445815283545316632e-01,-1.074429470591270031e+00,-7.151434838839676456e-01
1.013060650196896395e+00,1.450099914405984292e+00,9.035217176799620331e-01,1.521593705930405216e+00,1.866367276711472512e-01,-1.074429470591270031e+00,-7.151434838839676456e-01
1.165916231638479683e+00,1.450099914405984292e+00,1.162089343412452180e+00,1.268414511312241144e+00,-5.445815283545316632e-01,-1.074429470591270031e+00,-7.151434838839676456e-01
-7.161181148610158420e-01,-8.846105521176756969e-01,1.795323656289895542e-01,-6.631820132914011123e-02,-3.617769643481119068e-01,-1.074429470591270031e+00,5.284311457270696177e-01
-7.161181148610158420e-01,-8.846105521176756969e-01,-7.513110870079751091e-01,-5.586758977755237332e-01,9.178549836968261655e-01,-1.074429470591270031e+00,5.284311457270696177e-01
-7.256715887011148114e-01,-8.846105521176756969e-01,-4.668866987022358694e-01,-1.264887896768597357e-02,1.466268675716085435e+00,-1.074429470591270031e+00,5.284311457270696177e-01
-9.549549608634898545e-01,-8.846105521176756969e-01,-9.323084250207182011e-01,-9.343611543057027680e-01,9.178549836968261655e-01,-1.074429470591270031e+00,5.284311457270696177e-01
-7.065646410209168726e-01,-8.846105521176756969e-01,-4.927434612754849064e-01,-6.940159280783211315e-01,1.866367276711472512e-01,-1.074429470591270031e+00,-7.151434838839676456e-01
-9.454014870233908852e-01,-8.846105521176756969e-01,-3.376028858359907958e-01,-8.188554387886601837e-01,5.522458556839866528e-01,-1.074429470591270031e+00,1.772005775338106881e+00
-9.358480131832919158e-01,-8.846105521176756969e-01,-6.478840367149789614e-01,-9.635292642847539391e-01,-1.789724003416921783e-01,-1.074429470591270031e+00,-7.151434838839676456e-01
-9.454014870233908852e-01,-8.846105521176756969e-01,-4.410299361289868880e-01,-1.038199625831125017e+00,3.694412916775670075e-01,-1.074429470591270031e+00,1.772005775338106881e+00
1.471627394521646481e+00,1.450099914405984292e+00,1.808508407743677715e+00,1.295249172492968226e+00,-9.101906563673710648e-01,-8.037131228976808206e-01,-7.151434838839676456e-01
1.032167597877094334e+00,1.450099914405984292e+00,1.162089343412452180e+00,7.958911296516123501e-01,-1.458604348386630223e+00,-8.037131228976808206e-01,-7.151434838839676456e-01
1.471627394521646481e+00,1.450099914405984292e+00,1.032805530546207162e+00,1.164576039786819006e+00,-9.101906563673710648e-01,-8.037131228976808206e-01,-7.151434838839676456e-01
1.013060650196896395e+00,1.450099914405984292e+00,8.259514299602149778e-01,1.227579157341569527e+00,-3.617769643481119068e-01,-8.037131228976808206e-01,-7.151434838839676456e-01
1.165916231638479683e+00,1.450099914405984292e+00,1.162089343412452180e+00,9.183971915636272021e-01,-1.092995220373790710e+00,-8.037131228976808206e-01,-7.151434838839676456e-01
2.226351827889464730e+00,1.450099914405984292e+00,2.403213946928405065e+00,2.289298360579032021e+00,-1.458604348386630223e+00,-8.037131228976808206e-01,-7.151434838839676456e-01
1.949301086526594728e+00,1.450099914405984292e+00,1.162089343412452180e+00,1.719936853787953135e+00,-1.275799784380210466e+00,-8.037131228976808206e-01,-7.151434838839676456e-01
1.481180868361745562e+00,1.450099914405984292e+00,1.368943443998444476e+00,1.602097689472586461e+00,-9.101906563673710648e-01,-8.037131228976808206e-01,-7.151434838839676456e-01
1.165916231638479683e+00,1.450099914405984292e+00,1.162089343412452180e+00,1.455090415178168728e+00,-3.617769643481119068e-01,-8.037131228976808206e-01,-7.151434838839676456e-01
2.331440040130553282e+00,1.450099914405984292e+00,2.842778910673638304e+00,2.036119165960867949e+00,-1.641408912393049979e+00,-8.037131228976808206e-01,-7.151434838839676456e-01
2.474742147732037267e+00,1.450099914405984292e+00,3.101346536406128340e+00,2.288131636179870032e+00,-1.641408912393049979e+00,-8.037131228976808206e-01,-7.151434838839676456e-01
1.567162132922636175e+00,1.450099914405984292e+00,1.808508407743677715e+00,9.697330651267572765e-01,-1.641408912393049979e+00,-8.037131228976808206e-01,-7.151434838839676456e-01
2.774431645092762522e-01,2.827446811441542973e-01,-1.464972383753568785e-03,1.530259857133246526e-01,3.694412916775670075e-01,-8.037131228976808206e-01,-7.151434838839676456e-01
5.162800105117503202e-01,2.827446811441542973e-01,-1.307487852499986669e-01,3.362017163817659360e-01,9.178549836968261655e-01,-8.037131228976808206e-01,-7.151434838839676456e-01
3.443174813899689823e-01,2.827446811441542973e-01,-1.307487852499986669e-01,-5.231750853919555494e-02,1.866367276711472512e-01,-8.037131228976808206e-01,-7.151434838839676456e-01
5.162800105117503202e-01,2.827446811441542973e-01,-4.410299361289868880e-01,3.635354579711998213e-02,3.694412916775670075e-01,-8.037131228976808206e-01,-7.151434838839676456e-01
1.949937082660427659e-02,2.827446811441542973e-01,-2.600325981162437405e-01,-1.001532089048394608e-01,1.866367276711472512e-01,-8.037131228976808206e-01,-7.151434838839676456e-01
-9.454014870233908852e-01,-8.846105521176756969e-01,-1.527013964205445662e+00,-1.213208285705431821e+00,2.014682367735344481e+00,-8.037131228976808206e-01,5.284311457270696177e-01
1.949301086526594728e+00,1.450099914405984292e+00,1.162089343412452180e+00,2.341800958541324196e+00,-5.445815283545316632e-01,-8.037131228976808206e-01,-7.151434838839676456e-01
1.567162132922636175e+00,1.450099914405984292e+00,1.679224594877432475e+00,1.941614489628741946e+00,-9.101906563673710648e-01,-8.037131228976808206e-01,-7.151434838839676456e-01
1.471627394521646481e+00,1.450099914405984292e+00,1.937792220609922733e+00,1.760772207758624752e+00,-1.092995220373790710e+00,-8.037131228976808206e-01,-7.151434838839676456e-01
3.443174813899689823e-01,2.827446811441542973e-01,-1.307487852499986669e-01,-2.343265148084748284e-01,-1.789724003416921783e-01,-8.037131228976808206e-01,-7.151434838839676456e-01
-9.454014870233908852e-01,-8.846105521176756969e-01,-4.410299361289868880e-01,-8.293559583811185298e-01,1.283464111709665678e+00,-8.037131228976808206e-01,1.772005775338106881e+00
-5.346021118991355348e-01,-8.846105521176756969e-01,-8.547381373009711458e-01,-6.870155816833488638e-01,1.466268675716085435e+00,-8.037131228976808206e-01,-7.151434838839676456e-01
-8.403132747823023330e-01,-8.846105521176756969e-01,-2.858893606894927775e-01,-7.126835184649139565e-01,3.694412916775670075e-01,-8.037131228976808206e-01,1.772005775338106881e+00
-1.203345280706062947e+00,-1.468288168748590694e+00,-3.893164109824888142e-01,-1.010198240251235724e+00,-7.273860923609513085e-01,-8.037131228976808206e-01,1.772005775338106881e+00
-3.913000042976511050e-01,2.827446811441542973e-01,5.024855276274446669e-02,-6.041781493428436400e-01,-5.445815283545316632e-01,-8.037131228976808206e-01,-7.151434838839676456e-01
-9.358480131832919158e-01,-8.846105521176756969e-01,-3.893164109824888142e-01,-8.456900999693872656e-01,3.832163664727537746e-03,-8.037131228976808206e-01,5.284311457270696177e-01
1.471627394521646481e+00,1.450099914405984292e+00,1.032805530546207162e+00,1.274248133308051312e+00,-9.101906563673710648e-01,-8.037131228976808206e-01,-7.151434838839676456e-01
1.949301086526594728e+00,1.450099914405984292e+00,3.230630349272373802e+00,1.502926115543812502e+00,-2.189822604412309026e+00,-8.037131228976808206e-01,-7.151434838839676456e-01
-1.222452228386260886e+00,-8.846105521176756969e-01,-1.449443676485698607e+00,-1.310046410835881803e+00,1.466268675716085435e+00,-8.037131228976808206e-01,5.284311457270696177e-01
-7.638854840615105779e-01,-8.846105521176756969e-01,-7.771678495812240905e-01,-9.705296106797262068e-01,3.832163664727537746e-03,-8.037131228976808206e-01,5.284311457270696177e-01
-7.829924317417085167e-01,-8.846105521176756969e-01,-3.634596484092398327e-01,-4.758384654350184539e-01,-5.445815283545316632e-01,-8.037131228976808206e-01,5.284311457270696177e-01
1.165916231638479683e+00,1.450099914405984292e+00,1.162089343412452180e+00,4.773753686803736129e-01,-1.641408912393049979e+00,-8.037131228976808206e-01,-7.151434838839676456e-01
-7.161181148610158420e-01,-8.846105521176756969e-01,1.278188404824915081e-01,-3.848339623003788068e-01,-5.445815283545316632e-01,-8.037131228976808206e-01,5.284311457270696177e-01
-3.817465304575521357e-01,2.827446811441542973e-01,4.380999913614797570e-01,-2.133254756235579974e-01,-7.273860923609513085e-01,-8.037131228976808206e-01,1.772005775338106881e+00
1.471627394521646481e+00,1.450099914405984292e+00,1.937792220609922733e+00,7.865573344583158821e-01,-1.641408912393049979e+00,-8.037131228976808206e-01,-7.151434838839676456e-01
1.949937082660427659e-02,2.827446811441542973e-01,-2.600325981162437405e-01,1.308582221292457493e-01,3.694412916775670075e-01,-5.329967752040916107e-01,-7.151434838839676456e-01
3.443174813899689823e-01,2.827446811441542973e-01,-1.307487852499986669e-01,-1.036533821023256086e-01,1.866367276711472512e-01,-5.329967752040916107e-01,-7.151434838839676456e-01
-1.117364016145172334e+00,-8.846105521176756969e-01,-9.840219501672162750e-01,-1.213208285705431821e+00,1.283464111709665678e+00,-5.329967752040916107e-01,1.772005775338106881e+00
-7.065646410209168726e-01,-8.846105521176756969e-01,-6.478840367149789614e-01,-6.286793617252465216e-01,3.694412916775670075e-01,-5.329967752040916107e-01,-7.151434838839676456e-01
-1.193791806865963867e+00,-8.846105521176756969e-01,-1.035735475313714238e+00,-1.346214867209905242e+00,2.014682367735344481e+00,-5.329967752040916107e-01,1.772005775338106881e+00
-5.346021118991355348e-01,-8.846105521176756969e-01,-7.771678495812240905e-01,-5.225074414015002944e-01,5.522458556839866528e-01,-5.329967752040916107e-01,-7.151434838839676456e-01
5.162800105117503202e-01,2.827446811441542973e-01,-1.307487852499986669e-01,9.230640891602753806e-01,5.522458556839866528e-01,-5.329967752040916107e-01,-7.151434838839676456e-01
5.927078012325419643e-01,2.827446811441542973e-01,1.278188404824915081e-01,7.492221536851304542e-01,9.178549836968261655e-01,-5.329967752040916107e-01,-7.151434838839676456e-01
2.774431645092762522e-01,2.827446811441542973e-01,-1.464972383753568785e-03,7.270543901010515508e-01,3.694412916775670075e-01,-5.329967752040916107e-01,-7.151434838839676456e-01
1.013060650196896395e+00,1.450099914405984292e+00,9.035217176799620331e-01,1.343084872858612222e+00,-5.445815283545316632e-01,-5.329967752040916107e-01,-7.151434838839676456e-01
1.471627394521646481e+00,1.450099914405984292e+00,1.162089343412452180e+00,1.994117087591034121e+00,-3.617769643481119068e-01,-5.329967752040916107e-01,-7.151434838839676456e-01
1.165916231638479683e+00,1.450099914405984292e+00,1.162089343412452180e+00,1.711769782993818767e+00,-7.273860923609513085e-01,-5.329967752040916107e-01,-7.151434838839676456e-01
1.013060650196896395e+00,1.450099914405984292e+00,9.035217176799620331e-01,1.922946899242149232e+00,1.866367276711472512e-01,-5.329967752040916107e-01,-7.151434838839676456e-01
1.032167597877094334e+00,1.450099914405984292e+00,1.162089343412452180e+00,1.478424903161409620e+00,3.832163664727537746e-03,-5.329967752040916107e-01,-7.151434838839676456e-01
-1.117364016145172334e+00,-8.846105521176756969e-01,-9.840219501672162750e-01,-1.198040868516325297e+00,3.832163664727537746e-03,-5.329967752040916107e-01,5.284311457270696177e-01
-9.454014870233908852e-01,-8.846105521176756969e-01,-6.995975618614770353e-01,-8.048547459987156483e-01,-3.617769643481119068e-01,-5.329967752040916107e-01,5.284311457270696177e-01
-1.146024437665469131e+00,-8.846105521176756969e-01,-1.371873388765951551e+00,-1.564392329853207864e+00,3.694412916775670075e-01,-5.329967752040916107e-01,1.772005775338106881e+00
-1.079150120784776457e+00,-8.846105521176756969e-01,-1.139162525606710386e+00,-1.151371892549843512e+00,1.283464111709665678e+00,-5.329967752040916107e-01,1.772005775338106881e+00
-1.012275803904083560e+00,-8.846105521176756969e-01,-7.771678495812240905e-01,-1.009031515852073735e+00,-3.617769643481119068e-01,-5.329967752040916107e-01,-7.151434838839676456e-01
-1.012275803904083560e+00,-8.846105521176756969e-01,-7.771678495812240905e-01,-1.028865830637828438e+00,3.832163664727537746e-03,-5.329967752040916107e-01,5.284311457270696177e-01
-7.638854840615105779e-01,-8.846105521176756969e-01,-7.771678495812240905e-01,-8.678578635534661689e-01,-5.445815283545316632e-01,-5.329967752040916107e-01,5.284311457270696177e-01
-7.256715887011148114e-01,-8.846105521176756969e-01,-2.083190729697457222e-01,-5.843438345570888259e-01,-1.789724003416921783e-01,-5.329967752040916107e-01,1.772005775338106881e+00
-1.117364016145172334e+00,-8.846105521176756969e-01,-9.840219501672162750e-01,-1.154872065747329479e+00,1.866367276711472512e-01,-5.329967752040916107e-01,5.284311457270696177e-01
2.774431645092762522e-01,2.827446811441542973e-01,-2.600325981162437405e-01,3.198675747934973113e-01,1.866367276711472512e-01,-2.622804275105024008e-01,-7.151434838839676456e-01
5.162800105117503202e-01,2.827446811441542973e-01,-1.464972383753568785e-03,5.473788326300963458e-01,1.866367276711472512e-01,-2.622804275105024008e-01,-7.151434838839676456e-01
5.162800105117503202e-01,2.827446811441542973e-01,-8.547381373009711458e-01,1.961947884823203592e-01,1.466268675716085435e+00,-2.622804275105024008e-01,-7.151434838839676456e-01
1.949301086526594728e+00,1.450099914405984292e+00,1.679224594877432475e+00,1.957948631217010682e+00,-1.458604348386630223e+00,-2.622804275105024008e-01,-7.151434838839676456e-01
1.471627394521646481e+00,1.450099914405984292e+00,1.032805530546207162e+00,1.691935468208064064e+00,-5.445815283545316632e-01,-2.622804275105024008e-01,-7.151434838839676456e-01
1.165916231638479683e+00,1.450099914405984292e+00,1.162089343412452180e+00,1.759605483359462763e+00,-3.617769643481119068e-01,-2.622804275105024008e-01,-7.151434838839676456e-01
1.481180868361745562e+00,1.450099914405984292e+00,1.110375818265954218e+00,1.945114662826228136e+00,-7.273860923609513085e-01,-2.622804275105024008e-01,-7.151434838839676456e-01
3.347640075498700130e-01,2.827446811441542973e-01,1.278188404824915081e-01,1.070071363454693225e+00,2.014682367735344481e+00,-2.622804275105024008e-01,-7.151434838839676456e-01
5.162800105117503202e-01,2.827446811441542973e-01,-1.464972383753568785e-03,1.058404119463072890e+00,1.100659547703245922e+00,-2.622804275105024008e-01,-7.151434838839676456e-01
5.927078012325419643e-01,2.827446811441542973e-01,1.278188404824915081e-01,8.635611448030110493e-01,1.283464111709665678e+00,-2.622804275105024008e-01,-7.151434838839676456e-01
2.774431645092762522e-01,2.827446811441542973e-01,-2.600325981162437405e-01,9.277309867569235591e-01,1.283464111709665678e+00,-2.622804275105024008e-01,-7.151434838839676456e-01
3.347640075498700130e-01,2.827446811441542973e-01,1.278188404824915081e-01,5.735458498203682004e-02,-1.789724003416921783e-01,-2.622804275105024008e-01,-7.151434838839676456e-01
6.309216965929378418e-01,1.450099914405984292e+00,1.278188404824915081e-01,2.696984256295292814e-01,-7.273860923609513085e-01,-2.622804275105024008e-01,-7.151434838839676456e-01
1.013060650196896395e+00,1.450099914405984292e+00,6.190973293742229044e-01,2.090287568731028778e-01,-1.275799784380210466e+00,-2.622804275105024008e-01,-7.151434838839676456e-01
-9.454014870233908852e-01,-8.846105521176756969e-01,-7.771678495812240905e-01,-9.553621934906195712e-01,1.866367276711472512e-01,-2.622804275105024008e-01,1.772005775338106881e+00
-5.346021118991355348e-01,-8.846105521176756969e-01,-5.703137489952319061e-01,-4.093351746827817994e-01,5.522458556839866528e-01,-2.622804275105024008e-01,-7.151434838839676456e-01
3.443174813899689823e-01,2.827446811441542973e-01,-1.307487852499986669e-01,-8.848596491321900070e-02,1.866367276711472512e-01,-2.622804275105024008e-01,-7.151434838839676456e-01
-5.919229549397293511e-01,-8.846105521176756969e-01,-2.341758355429947314e-01,-3.358315375355728771e-01,-7.273860923609513085e-01,-2.622804275105024008e-01,1.772005775338106881e+00
-1.012275803904083560e+00,-8.846105521176756969e-01,-8.805948998742201272e-01,-8.946925247341931398e-01,3.694412916775670075e-01,-2.622804275105024008e-01,5.284311457270696177e-01
-7.352250625412137808e-01,-8.846105521176756969e-01,-2.083190729697457222e-01,-5.190072682040142160e-01,5.522458556839866528e-01,-2.622804275105024008e-01,1.772005775338106881e+00
-2.384444228560677059e-01,2.827446811441542973e-01,-2.083190729697457222e-01,-6.815256971875740047e-03,-3.617769643481119068e-01,-2.622804275105024008e-01,-7.151434838839676456e-01
-1.012275803904083560e+00,-8.846105521176756969e-01,-9.064516624474692197e-01,-1.228375702894538568e+00,-5.445815283545316632e-01,-2.622804275105024008e-01,5.284311457270696177e-01
3.443174813899689823e-01,2.827446811441542973e-01,-3.893164109824888142e-01,2.580311816379088352e-01,5.522458556839866528e-01,-2.622804275105024008e-01,-7.151434838839676456e-01
-7.256715887011148114e-01,-8.846105521176756969e-01,-4.410299361289868880e-01,-3.831681574925099865e-02,5.522458556839866528e-01,-2.622804275105024008e-01,5.284311457270696177e-01
-7.161181148610158420e-01,-8.846105521176756969e-01,-1.824623103964966853e-01,-5.231750853919555494e-02,-3.617769643481119068e-01,-2.622804275105024008e-01,5.284311457270696177e-01
-7.161181148610158420e-01,-8.846105521176756969e-01,2.571026533487366095e-01,-3.719999939095963160e-01,-7.273860923609513085e-01,-2.622804275105024008e-01,5.284311457270696177e-01
-1.002722330063984701e+00,-8.846105521176756969e-01,-1.346016626192702459e+00,-1.394050567575549016e+00,7.350504196904064091e-01,-2.622804275105024008e-01,1.772005775338106881e+00
-7.638854840615105779e-01,-8.846105521176756969e-01,-6.220272741417299800e-01,-8.981926979316793291e-01,5.156849428827022797e-01,8.435920183086829949e-03,5.284311457270696177e-01
-5.346021118991355348e-01,-8.846105521176756969e-01,-3.376028858359907958e-01,-4.875057094266389557e-01,-2.155333131429759963e-01,8.435920183086829949e-03,-7.151434838839676456e-01
-9.358480131832919158e-01,-8.846105521176756969e-01,-6.737407992882280539e-01,-8.573573439610077118e-01,8.081722452929740452e-01,8.435920183086829949e-03,-7.151434838839676456e-01
-9.071875916629950076e-01,-8.846105521176756969e-01,-5.703137489952319061e-01,-9.191937371165961324e-01,-6.928966193784008576e-02,8.435920183086829949e-03,5.284311457270696177e-01
1.041721071717193192e+00,1.450099914405984292e+00,9.035217176799620331e-01,1.429422478396603635e+00,-9.101906563673710648e-01,8.435920183086829949e-03,-7.151434838839676456e-01
1.165916231638479683e+00,1.450099914405984292e+00,1.162089343412452180e+00,1.400254368417552353e+00,-9.101906563673710648e-01,8.435920183086829949e-03,-7.151434838839676456e-01
1.032167597877094334e+00,1.450099914405984292e+00,3.863864662149816831e-01,1.134241205408605735e+00,-5.811424411558154812e-01,8.435920183086829949e-03,-7.151434838839676456e-01
1.481180868361745562e+00,1.450099914405984292e+00,1.213802868558950365e+00,1.429422478396603635e+00,-9.833124819699387009e-01,8.435920183086829949e-03,-7.151434838839676456e-01
2.774431645092762522e-01,2.827446811441542973e-01,-1.307487852499986669e-01,2.836991184194738724e-01,-3.272874913655627466e-02,8.435920183086829949e-03,-7.151434838839676456e-01
5.162800105117503202e-01,2.827446811441542973e-01,-1.464972383753568785e-03,4.237060463189194492e-01,-3.617769643481119068e-01,8.435920183086829949e-03,-7.151434838839676456e-01
3.860631850680220495e-02,2.827446811441542973e-01,-6.220272741417299800e-01,2.585302620466156318e-02,7.716113324916908933e-01,8.435920183086829949e-03,-7.151434838839676456e-01
3.443174813899689823e-01,2.827446811441542973e-01,-3.893164109824888142e-01,1.110239073434909629e-01,7.716113324916908933e-01,8.435920183086829949e-03,-7.151434838839676456e-01
-9.358480131832919158e-01,-8.846105521176756969e-01,-1.165019288179959256e+00,-9.635292642847539391e-01,2.416852408549468478e+00,8.435920183086829949e-03,-7.151434838839676456e-01
-1.012275803904083560e+00,-8.846105521176756969e-01,-9.064516624474692197e-01,-1.228375702894538568e+00,-4.714597027519640271e-01,8.435920183086829949e-03,5.284311457270696177e-01
-1.002722330063984701e+00,-8.846105521176756969e-01,-1.346016626192702459e+00,-1.394050567575549016e+00,6.984895068891219250e-01,8.435920183086829949e-03,1.772005775338106881e+00
2.774431645092762522e-01,2.827446811441542973e-01,-1.307487852499986669e-01,7.713899172692093575e-01,8.081722452929740452e-01,8.435920183086829949e-03,-7.151434838839676456e-01
5.162800105117503202e-01,2.827446811441542973e-01,-6.995975618614770353e-01,6.815521385337317550e-01,2.014682367735344481e+00,8.435920183086829949e-03,-7.151434838839676456e-01
5.162800105117503202e-01,2.827446811441542973e-01,1.278188404824915081e-01,7.643895708742370898e-01,2.597585532737148872e-01,8.435920183086829949e-03,-7.151434838839676456e-01
5.927078012325419643e-01,2.827446811441542973e-01,-2.600325981162437405e-01,2.370301424529920042e-01,8.447331580942585294e-01,8.435920183086829949e-03,-7.151434838839676456e-01
-9.454014870233908852e-01,-8.846105521176756969e-01,-8.805948998742201272e-01,-1.359048835600687788e+00,-1.202677958777642830e+00,8.435920183086829949e-03,5.284311457270696177e-01
-9.454014870233908852e-01,-8.846105521176756969e-01,-7.771678495812240905e-01,-9.740297838772123962e-01,3.328803788762825233e-01,8.435920183086829949e-03,1.772005775338106881e+00
-5.346021118991355348e-01,-8.846105521176756969e-01,-8.547381373009711458e-01,-4.956727802207732680e-01,-6.908251795596674905e-01,8.435920183086829949e-03,-7.151434838839676456e-01
-6.301368503001251176e-01,-8.846105521176756969e-01,-7.903526010350062081e-02,1.868609932890240022e-01,7.695398926729517253e-02,8.435920183086829949e-03,5.284311457270696177e-01
1.165916231638479683e+00,1.450099914405984292e+00,1.162089343412452180e+00,1.108573268627040864e+00,-8.370688307648034288e-01,8.435920183086829949e-03,-7.151434838839676456e-01
-7.256715887011148114e-01,-8.846105521176756969e-01,-4.410299361289868880e-01,3.268679211884695790e-01,2.343730582946899510e+00,8.435920183086829949e-03,5.284311457270696177e-01
-3.817465304575521357e-01,2.827446811441542973e-01,7.610531533599348974e-02,-6.981837452662625898e-02,3.832163664727537746e-03,8.435920183086829949e-03,1.772005775338106881e+00
-2.671048443763646141e-01,2.827446811441542973e-01,3.863864662149816831e-01,9.685663407275951764e-01,4.425631172801345881e-01,8.435920183086829949e-03,5.284311457270696177e-01
1.013060650196896395e+00,1.450099914405984292e+00,6.449540919474718859e-01,1.026902560685697630e+00,-1.789724003416921783e-01,8.435920183086829949e-03,-7.151434838839676456e-01
1.165916231638479683e+00,1.450099914405984292e+00,1.162089343412452180e+00,8.927292547820622204e-01,-5.445815283545316632e-01,8.435920183086829949e-03,-7.151434838839676456e-01
-9.358480131832919158e-01,-8.846105521176756969e-01,-9.581651875939671825e-01,-1.102369467785037527e+00,1.100659547703245922e+00,2.791522678766760746e-01,1.772005775338106881e+00
-8.116528532620054248e-01,-8.846105521176756969e-01,-6.478840367149789614e-01,-9.740297838772123962e-01,-2.520942259442598421e-01,2.791522678766760746e-01,-7.151434838839676456e-01
-1.117364016145172334e+00,-8.846105521176756969e-01,-1.216732813326457441e+00,-1.359048835600687788e+00,1.137220460504530406e+00,2.791522678766760746e-01,5.284311457270696177e-01
-7.065646410209168726e-01,-8.846105521176756969e-01,-2.341758355429947314e-01,-8.048547459987156483e-01,3.832163664727537746e-03,2.791522678766760746e-01,-7.151434838839676456e-01
6.118147489127399030e-01,1.450099914405984292e+00,1.278188404824915081e-01,1.248580196526486441e+00,1.283464111709665678e+00,2.791522678766760746e-01,-7.151434838839676456e-01
1.165916231638479683e+00,1.450099914405984292e+00,1.032805530546207162e+00,1.341918148459450011e+00,-6.542642667583836724e-01,2.791522678766760746e-01,-7.151434838839676456e-01
1.013060650196896395e+00,1.450099914405984292e+00,6.449540919474718859e-01,1.522760430329567427e+00,-2.155333131429759963e-01,2.791522678766760746e-01,-7.151434838839676456e-01
5.162800105117503202e-01,2.827446811441542973e-01,1.278188404824915081e-01,6.185490209789812344e-01,3.328803788762825233e-01,2.791522678766760746e-01,-7.151434838839676456e-01
3.347640075498700130e-01,2.827446811441542973e-01,-1.464972383753568785e-03,5.077102030585868286e-01,5.156849428827022797e-01,2.791522678766760746e-01,-7.151434838839676456e-01
5.162800105117503202e-01,2.827446811441542973e-01,-1.824623103964966853e-01,6.243826429747915130e-01,1.283464111709665678e+00,2.791522678766760746e-01,-7.151434838839676456e-01
1.949301086526594728e+00,1.450099914405984292e+00,1.937792220609922733e+00,1.435256100392413803e+00,-1.604847999591766161e+00,2.791522678766760746e-01,-7.151434838839676456e-01
1.471627394521646481e+00,1.450099914405984292e+00,1.679224594877432475e+00,1.371086258438501293e+00,-1.495165261187914041e+00,2.791522678766760746e-01,-7.151434838839676456e-01
1.949301086526594728e+00,1.450099914405984292e+00,2.196359846342412769e+00,1.557762162304428655e+00,-1.202677958777642830e+00,2.791522678766760746e-01,-7.151434838839676456e-01
1.481180868361745562e+00,1.450099914405984292e+00,1.136232580839203310e+00,1.569429406296049212e+00,-3.617769643481119068e-01,2.791522678766760746e-01,-7.151434838839676456e-01
-9.454014870233908852e-01,-8.846105521176756969e-01,-6.995975618614770353e-01,-1.224875529697052379e+00,-3.617769643481119068e-01,2.791522678766760746e-01,5.284311457270696177e-01
-9.454014870233908852e-01,-8.846105521176756969e-01,-7.771678495812240905e-01,-8.456900999693872656e-01,9.909768092993938016e-01,2.791522678766760746e-01,1.772005775338106881e+00
-9.358480131832919158e-01,-8.846105521176756969e-01,-1.087449000460212423e+00,-1.095369121390065148e+00,5.522458556839866528e-01,2.791522678766760746e-01,-7.151434838839676456e-01
-9.358480131832919158e-01,-8.846105521176756969e-01,-5.703137489952319061e-01,-1.067367735810176077e+00,1.500758148698634331e-01,2.791522678766760746e-01,-7.151434838839676456e-01
-9.454014870233908852e-01,-8.846105521176756969e-01,-9.840219501672162750e-01,-1.172372931734760204e+00,3.328803788762825233e-01,2.791522678766760746e-01,1.772005775338106881e+00
-4.772812688585417740e-01,2.827446811441542973e-01,-2.083190729697457222e-01,-2.039916804302616127e-01,-3.617769643481119068e-01,2.791522678766760746e-01,1.772005775338106881e+00
-7.161181148610158420e-01,-8.846105521176756969e-01,1.278188404824915081e-01,-4.548374262501016507e-01,-9.833124819699387009e-01,2.791522678766760746e-01,5.284311457270696177e-01
-1.107810542305073254e+00,-1.468288168748590694e+00,1.278188404824915081e-01,-3.148304983506560184e-01,-7.273860923609513085e-01,2.791522678766760746e-01,1.772005775338106881e+00
-1.012275803904083560e+00,-8.846105521176756969e-01,-1.475300439058947477e+00,-1.172372931734760204e+00,2.197486931741764238e+00,5.498686155702653400e-01,5.284311457270696177e-01
-9.358480131832919158e-01,-8.846105521176756969e-01,-1.009878712740465367e+00,-1.388216945579738848e+00,-3.983378771493957249e-01,5.498686155702653400e-01,-7.151434838839676456e-01
-1.126917489985271192e+00,-8.846105521176756969e-01,-1.371873388765951551e+00,-1.172372931734760204e+00,1.429707762914800950e+00,5.498686155702653400e-01,1.772005775338106881e+00
-1.060043173104578518e+00,-8.846105521176756969e-01,-9.064516624474692197e-01,-1.073201357805986245e+00,1.137220460504530406e+00,5.498686155702653400e-01,1.772005775338106881e+00
-1.002722330063984701e+00,-8.846105521176756969e-01,-1.165019288179959256e+00,-1.388216945579738848e+00,3.328803788762825233e-01,5.498686155702653400e-01,1.772005775338106881e+00
6.118147489127399030e-01,1.450099914405984292e+00,1.278188404824915081e-01,4.377067391088639847e-01,3.832163664727537746e-03,5.498686155702653400e-01,-7.151434838839676456e-01
1.165916231638479683e+00,1.450099914405984292e+00,9.035217176799620331e-01,8.693947667988212169e-01,-8.370688307648034288e-01,5.498686155702653400e-01,-7.151434838839676456e-01
1.013060650196896395e+00,1.450099914405984292e+00,8.776649551067130517e-01,6.768852409370835765e-01,-9.833124819699387009e-01,5.498686155702653400e-01,-7.151434838839676456e-01
3.347640075498700130e-01,2.827446811441542973e-01,-1.464972383753568785e-03,6.360498869664119592e-01,1.356585937312233314e+00,5.498686155702653400e-01,-7.151434838839676456e-01
3.860631850680220495e-02,2.827446811441542973e-01,-2.600325981162437405e-01,1.926946152848342253e-01,9.909768092993938016e-01,5.498686155702653400e-01,-7.151434838839676456e-01
3.860631850680220495e-02,2.827446811441542973e-01,-5.186002238487339433e-01,-2.898302055595462431e-02,1.135149020685796289e-01,5.498686155702653400e-01,-7.151434838839676456e-01
-5.346021118991355348e-01,-8.846105521176756969e-01,-4.410299361289868880e-01,-3.148304983506560184e-01,-3.272874913655627466e-02,5.498686155702653400e-01,-7.151434838839676456e-01
2.774431645092762522e-01,2.827446811441542973e-01,-1.307487852499986669e-01,5.135438250543969962e-01,6.253676812865542889e-01,5.498686155702653400e-01,-7.151434838839676456e-01
3.443174813899689823e-01,2.827446811441542973e-01,-3.893164109824888142e-01,2.568644572387467906e-01,6.253676812865542889e-01,5.498686155702653400e-01,-7.151434838839676456e-01
3.347640075498700130e-01,2.827446811441542973e-01,-1.464972383753568785e-03,4.552076050962947096e-01,1.135149020685796289e-01,5.498686155702653400e-01,-7.151434838839676456e-01
3.860631850680220495e-02,2.827446811441542973e-01,-5.186002238487339433e-01,9.352304135606026581e-02,4.425631172801345881e-01,5.498686155702653400e-01,-7.151434838839676456e-01
2.774431645092762522e-01,2.827446811441542973e-01,1.278188404824915081e-01,7.352214608951859187e-01,1.173781373305813558e+00,5.498686155702653400e-01,-7.151434838839676456e-01
5.927078012325419643e-01,2.827446811441542973e-01,3.863864662149816831e-01,4.902093370711561038e-01,-1.424114875404083602e-01,5.498686155702653400e-01,-7.151434838839676456e-01
1.041721071717193192e+00,1.450099914405984292e+00,1.032805530546207162e+00,5.077102030585868286e-01,-8.370688307648034288e-01,5.498686155702653400e-01,-7.151434838839676456e-01
3.347640075498700130e-01,2.827446811441542973e-01,1.549940782011187457e+00,5.310446910418277211e-01,-7.639470051622351265e-01,5.498686155702653400e-01,-7.151434838839676456e-01
1.013060650196896395e+00,1.450099914405984292e+00,8.776649551067130517e-01,2.510308352429365675e-01,-1.568287086790482343e+00,5.498686155702653400e-01,-7.151434838839676456e-01
1.165916231638479683e+00,1.450099914405984292e+00,9.035217176799620331e-01,1.271914684509727334e+00,-6.542642667583836724e-01,5.498686155702653400e-01,-7.151434838839676456e-01
-9.358480131832919158e-01,-8.846105521176756969e-01,-9.581651875939671825e-01,-9.740297838772123962e-01,3.694412916775670075e-01,5.498686155702653400e-01,-7.151434838839676456e-01
-5.919229549397293511e-01,-8.846105521176756969e-01,-2.600325981162437405e-01,-5.015064022165834912e-01,-4.714597027519640271e-01,5.498686155702653400e-01,1.772005775338106881e+00
-7.352250625412137808e-01,-8.846105521176756969e-01,-2.083190729697457222e-01,-8.048547459987156483e-01,-2.886551387455442708e-01,5.498686155702653400e-01,1.772005775338106881e+00
-8.689736963025992411e-01,-8.846105521176756969e-01,-7.771678495812240905e-01,-8.865254539400588829e-01,-3.617769643481119068e-01,5.498686155702653400e-01,-7.151434838839676456e-01
-5.919229549397293511e-01,-8.846105521176756969e-01,-2.600325981162437405e-01,-5.540090001788755547e-01,-2.520942259442598421e-01,5.498686155702653400e-01,1.772005775338106881e+00
-3.817465304575521357e-01,-8.846105521176756969e-01,-1.464972383753568785e-03,-2.856623883716048473e-01,4.425631172801345881e-01,5.498686155702653400e-01,-7.151434838839676456e-01
-4.295138996580469271e-01,-8.846105521176756969e-01,-5.186002238487339433e-01,-1.573227044637797445e-01,7.716113324916908933e-01,5.498686155702653400e-01,-7.151434838839676456e-01
-7.352250625412137808e-01,-8.846105521176756969e-01,-2.083190729697457222e-01,-6.823486840867006853e-01,-2.155333131429759963e-01,5.498686155702653400e-01,1.772005775338106881e+00
-6.205833764600261482e-01,-3.009329354867606998e-01,-5.317849753025160470e-02,-1.864908144428309156e-01,1.500758148698634331e-01,5.498686155702653400e-01,5.284311457270696177e-01
-3.148722135768594055e-01,2.827446811441542973e-01,5.156702790812267567e-01,1.751937492974035282e-01,-6.908251795596674905e-01,5.498686155702653400e-01,5.284311457270696177e-01
-7.161181148610158420e-01,-8.846105521176756969e-01,2.571026533487366095e-01,-2.273261684135025329e-01,7.695398926729517253e-02,5.498686155702653400e-01,5.284311457270696177e-01
-3.148722135768594055e-01,2.827446811441542973e-01,7.225243796672189411e-01,4.902093370711561038e-01,1.135149020685796289e-01,5.498686155702653400e-01,5.284311457270696177e-01
-1.021829277744182640e+00,-8.846105521176756969e-01,-8.805948998742201272e-01,-1.166539309738950037e+00,-2.155333131429759963e-01,5.498686155702653400e-01,5.284311457270696177e-01
-9.358480131832919158e-01,-8.846105521176756969e-01,-9.581651875939671825e-01,-9.973642718604532886e-01,4.060022044788514362e-01,5.498686155702653400e-01,1.772005775338106881e+00
3.347640075498700130e-01,2.827446811441542973e-01,2.571026533487366095e-01,2.976998112094184079e-01,-3.272874913655627466e-02,8.205849632638545499e-01,-7.151434838839676456e-01
3.860631850680220495e-02,2.827446811441542973e-01,-5.186002238487339433e-01,1.850894230965391570e-04,9.909768092993938016e-01,8.205849632638545499e-01,-7.151434838839676456e-01
-5.346021118991355348e-01,-8.846105521176756969e-01,-4.410299361289868880e-01,-1.164873504931081133e-01,6.619285940878387731e-01,8.205849632638545499e-01,-7.151434838839676456e-01
3.443174813899689823e-01,2.827446811441542973e-01,-3.893164109824888142e-01,3.210342991926593559e-01,9.909768092993938016e-01,8.205849632638545499e-01,-7.151434838839676456e-01
1.041721071717193192e+00,1.450099914405984292e+00,6.449540919474718859e-01,9.919008287108361799e-01,-3.272874913655627466e-02,8.205849632638545499e-01,-7.151434838839676456e-01
1.013060650196896395e+00,1.450099914405984292e+00,6.190973293742229044e-01,8.577275228072007707e-01,-7.639470051622351265e-01,8.205849632638545499e-01,-7.151434838839676456e-01
1.165916231638479683e+00,1.450099914405984292e+00,7.742379048137170150e-01,9.802335847192156226e-01,-1.058505747391245561e-01,8.205849632638545499e-01,-7.151434838839676456e-01
1.471627394521646481e+00,1.450099914405984292e+00,1.291373156278697421e+00,1.598597516275100272e+00,-2.155333131429759963e-01,8.205849632638545499e-01,-7.151434838839676456e-01
1.481180868361745562e+00,1.450099914405984292e+00,9.552352428264601070e-01,1.241579850131514062e+00,-4.348987899506795429e-01,8.205849632638545499e-01,-7.151434838839676456e-01
6.786890657934326887e-01,1.450099914405984292e+00,5.156702790812267567e-01,7.177205949077551939e-01,-1.789724003416921783e-01,8.205849632638545499e-01,-7.151434838839676456e-01
1.567162132922636175e+00,1.450099914405984292e+00,1.162089343412452180e+00,1.108573268627040864e+00,-9.101906563673710648e-01,8.205849632638545499e-01,-7.151434838839676456e-01
-1.021829277744182640e+00,-8.846105521176756969e-01,-8.805948998742201272e-01,-1.242376395684483104e+00,-5.445815283545316632e-01,8.205849632638545499e-01,5.284311457270696177e-01
-1.050489699264479437e+00,-8.846105521176756969e-01,-1.035735475313714238e+00,-1.184040175726380761e+00,-1.058505747391245561e-01,8.205849632638545499e-01,1.772005775338106881e+00
-9.358480131832919158e-01,-8.846105521176756969e-01,-6.478840367149789614e-01,-1.254043639676103439e+00,-3.983378771493957249e-01,8.205849632638545499e-01,-7.151434838839676456e-01
-7.161181148610158420e-01,-8.846105521176756969e-01,-6.478840367149789614e-01,-3.731667183087583606e-01,-1.789724003416921783e-01,8.205849632638545499e-01,-7.151434838839676456e-01
-1.238027367748801566e-01,-3.009329354867606998e-01,-7.254543244347260167e-01,6.302162649706016806e-01,1.685634152523789453e+00,8.205849632638545499e-01,5.284311457270696177e-01
1.471627394521646481e+00,1.450099914405984292e+00,5.156702790812267567e-01,1.061904292660558857e+00,6.984895068891219250e-01,8.205849632638545499e-01,-7.151434838839676456e-01
-5.250486380590365654e-01,-8.846105521176756969e-01,-8.805948998742201272e-01,2.335299692555058426e-01,3.403997054184134452e+00,8.205849632638545499e-01,5.284311457270696177e-01
6.118147489127399030e-01,1.450099914405984292e+00,-3.893164109824888142e-01,5.018765810627765500e-01,2.453413321350751630e+00,8.205849632638545499e-01,-7.151434838839676456e-01
-8.689736963025992411e-01,-8.846105521176756969e-01,-9.064516624474692197e-01,-9.215271859149202216e-01,-8.370688307648034288e-01,8.205849632638545499e-01,-7.151434838839676456e-01
-8.689736963025992411e-01,-8.846105521176756969e-01,-9.064516624474692197e-01,-9.798634058730225638e-01,-2.155333131429759963e-01,8.205849632638545499e-01,-7.151434838839676456e-01
-1.002722330063984701e+00,-8.846105521176756969e-01,-9.323084250207182011e-01,-1.003197893856263567e+00,-2.886551387455442708e-01,8.205849632638545499e-01,5.284311457270696177e-01
-4.295138996580469271e-01,-8.846105521176756969e-01,-3.893164109824888142e-01,-3.731667183087583606e-01,1.866367276711472512e-01,8.205849632638545499e-01,-7.151434838839676456e-01
-2.193374751758697672e-01,2.827446811441542973e-01,2.571026533487366095e-01,-4.606710482459118738e-01,-1.531726173989197859e+00,8.205849632638545499e-01,-7.151434838839676456e-01
-2.193374751758697672e-01,2.827446811441542973e-01,2.571026533487366095e-01,-3.381649863338969664e-01,-9.467515691686548829e-01,8.205849632638545499e-01,-7.151434838839676456e-01
-4.295138996580469271e-01,-8.846105521176756969e-01,-3.893164109824888142e-01,-5.061732998132316697e-01,-8.370688307648034288e-01,8.205849632638545499e-01,-7.151434838839676456e-01
-1.021829277744182640e+00,-8.846105521176756969e-01,-1.165019288179959256e+00,-1.192207246520515129e+00,1.210342286107098042e+00,1.091301310957443649e+00,1.772005775338106881e+00
-9.358480131832919158e-01,-8.846105521176756969e-01,-9.064516624474692197e-01,-1.014865137847883902e+00,3.832163664727537746e-03,1.091301310957443649e+00,-7.151434838839676456e-01
-1.050489699264479437e+00,-8.846105521176756969e-01,-1.035735475313714238e+00,-1.132704302163250798e+00,3.328803788762825233e-01,1.091301310957443649e+00,1.772005775338106881e+00
-4.295138996580469271e-01,-8.846105521176756969e-01,-3.893164109824888142e-01,-3.638329231154620036e-01,3.694412916775670075e-01,1.091301310957443649e+00,-7.151434838839676456e-01
-5.346021118991355348e-01,-8.846105521176756969e-01,-4.410299361289868880e-01,-1.398218384763490474e-01,9.544158964981106497e-01,1.091301310957443649e+00,-7.151434838839676456e-01
-4.295138996580469271e-01,-8.846105521176756969e-01,-3.893164109824888142e-01,1.535250661220314422e-02,1.685634152523789453e+00,1.091301310957443649e+00,-7.151434838839676456e-01
2.774431645092762522e-01,2.827446811441542973e-01,-3.893164109824888142e-01,4.563743294954567542e-01,1.173781373305813558e+00,1.091301310957443649e+00,-7.151434838839676456e-01
-9.454014870233908852e-01,-8.846105521176756969e-01,-6.995975618614770353e-01,-9.355278787048648681e-01,1.135149020685796289e-01,1.091301310957443649e+00,5.284311457270696177e-01
-5.919229549397293511e-01,-8.846105521176756969e-01,-3.893164109824888142e-01,-3.253310179431144755e-01,3.832163664727537746e-03,1.091301310957443649e+00,1.772005775338106881e+00
-7.256715887011148114e-01,-8.846105521176756969e-01,-7.771678495812240905e-01,-5.225074414015002944e-01,7.350504196904064091e-01,1.091301310957443649e+00,1.772005775338106881e+00
-8.403132747823023330e-01,-8.846105521176756969e-01,-7.771678495812240905e-01,-8.456900999693872656e-01,-1.058505747391245561e-01,1.091301310957443649e+00,1.772005775338106881e+00
-1.050489699264479437e+00,-8.846105521176756969e-01,-1.035735475313714238e+00,-1.026532381839504460e+00,8.812940708955416813e-01,1.091301310957443649e+00,1.772005775338106881e+00
-1.012275803904083560e+00,-8.846105521176756969e-01,-1.475300439058947477e+00,-1.055700491818555520e+00,2.270608757344331874e+00,1.091301310957443649e+00,5.284311457270696177e-01
-1.012275803904083560e+00,-8.846105521176756969e-01,-1.475300439058947477e+00,-7.640193920280439199e-01,3.001827013370010899e+00,1.091301310957443649e+00,5.284311457270696177e-01
-7.161181148610158420e-01,-3.009329354867606998e-01,-9.840219501672162750e-01,-4.648388654338532489e-02,1.612512326921220485e+00,1.091301310957443649e+00,5.284311457270696177e-01
-1.002722330063984701e+00,-8.846105521176756969e-01,-9.840219501672162750e-01,-1.329880725621636506e+00,-6.177033539570992993e-01,1.091301310957443649e+00,1.772005775338106881e+00
-9.454014870233908852e-01,-8.846105521176756969e-01,-9.840219501672162750e-01,-9.856970278688328424e-01,9.178549836968261655e-01,1.091301310957443649e+00,1.772005775338106881e+00
-1.021829277744182640e+00,-8.846105521176756969e-01,-1.113305763033461293e+00,-1.335714347617446895e+00,-6.928966193784008576e-02,1.091301310957443649e+00,5.284311457270696177e-01
-2.671048443763646141e-01,2.827446811441542973e-01,6.966676170939699597e-01,-9.315286250986719307e-02,-1.495165261187914041e+00,1.091301310957443649e+00,1.772005775338106881e+00
-1.203345280706062947e+00,-1.468288168748590694e+00,-1.307487852499986669e-01,-6.648478180992699604e-01,-1.092995220373790710e+00,1.091301310957443649e+00,1.772005775338106881e+00
-7.065646410209168726e-01,-8.846105521176756969e-01,-4.410299361289868880e-01,-5.715098661663062796e-01,-1.424114875404083602e-01,1.091301310957443649e+00,5.284311457270696177e-01
-8.498667486224013023e-01,-8.846105521176756969e-01,-8.547381373009711458e-01,-8.165219899903360945e-01,5.522458556839866528e-01,1.091301310957443649e+00,1.772005775338106881e+00
-5.823694810996303817e-01,-8.846105521176756969e-01,-5.444569864219829247e-01,-5.831771101579267258e-01,7.695398926729517253e-02,1.362017658651033081e+00,-7.151434838839676456e-01
-4.295138996580469271e-01,-8.846105521176756969e-01,-5.444569864219829247e-01,-4.140020722794299779e-01,3.328803788762825233e-01,1.362017658651033081e+00,-7.151434838839676456e-01
-3.817465304575521357e-01,-8.846105521176756969e-01,-3.376028858359907958e-01,-4.315029382668607028e-01,-3.983378771493957249e-01,1.362017658651033081e+00,-7.151434838839676456e-01
-2.193374751758697672e-01,2.827446811441542973e-01,1.278188404824915081e-01,-3.089968763548457953e-01,-1.056434307572506892e+00,1.362017658651033081e+00,-7.151434838839676456e-01
-5.823694810996303817e-01,-8.846105521176756969e-01,-5.444569864219829247e-01,-7.056831720699416888e-01,-9.467515691686548829e-01,1.362017658651033081e+00,-7.151434838839676456e-01
-1.117364016145172334e+00,-8.846105521176756969e-01,-1.216732813326457441e+00,-1.440719543542031023e+00,5.156849428827022797e-01,1.362017658651033081e+00,1.772005775338106881e+00
-1.050489699264479437e+00,-8.846105521176756969e-01,-1.061592237886963330e+00,-1.300712615642585446e+00,3.328803788762825233e-01,1.362017658651033081e+00,-7.151434838839676456e-01
-1.098257068464974395e+00,-8.846105521176756969e-01,-1.165019288179959256e+00,-1.434885921546220855e+00,2.231976404724317353e-01,1.362017658651033081e+00,1.772005775338106881e+00
-9.454014870233908852e-01,-8.846105521176756969e-01,-9.840219501672162750e-01,-1.079034979801796634e+00,8.447331580942585294e-01,1.362017658651033081e+00,1.772005775338106881e+00
-1.060043173104578518e+00,-8.846105521176756969e-01,-1.035735475313714238e+00,-1.184040175726380761e+00,1.429707762914800950e+00,1.362017658651033081e+00,1.772005775338106881e+00
-1.021829277744182640e+00,-8.846105521176756969e-01,-1.113305763033461293e+00,-1.096535845789227137e+00,6.619285940878387731e-01,1.362017658651033081e+00,1.772005775338106881e+00
-1.002722330063984701e+00,-8.846105521176756969e-01,-9.581651875939671825e-01,-1.172372931734760204e+00,1.866367276711472512e-01,1.362017658651033081e+00,1.772005775338106881e+00
-9.358480131832919158e-01,-8.846105521176756969e-01,-1.035735475313714238e+00,-1.102369467785037527e+00,2.597585532737148872e-01,1.362017658651033081e+00,-7.151434838839676456e-01
-9.358480131832919158e-01,-8.846105521176756969e-01,-1.035735475313714238e+00,-7.115167940657518564e-01,1.904999629331492361e+00,1.362017658651033081e+00,-7.151434838839676456e-01
-8.689736963025992411e-01,-8.846105521176756969e-01,-8.030246121544730720e-01,-9.331944299065406678e-01,-4.714597027519640271e-01,1.362017658651033081e+00,5.284311457270696177e-01
-8.498667486224013023e-01,-8.846105521176756969e-01,-7.771678495812240905e-01,-9.098599419232997754e-01,-3.983378771493957249e-01,1.362017658651033081e+00,1.772005775338106881e+00
-8.403132747823023330e-01,-8.846105521176756969e-01,-7.771678495812240905e-01,-7.465185260406133061e-01,4.791240300814190722e-01,1.362017658651033081e+00,1.772005775338106881e+00
-7.352250625412137808e-01,-8.846105521176756969e-01,-1.307487852499986669e-01,-4.373365602626709259e-01,-2.520942259442598421e-01,1.362017658651033081e+00,1.772005775338106881e+00
-7.256715887011148114e-01,-8.846105521176756969e-01,-8.030246121544730720e-01,-4.140020722794299779e-01,1.027537722100678286e+00,1.362017658651033081e+00,1.772005775338106881e+00
-5.250486380590365654e-01,-8.846105521176756969e-01,-6.478840367149789614e-01,2.801989452219877386e-01,1.795316890927640241e+00,1.362017658651033081e+00,5.284311457270696177e-01
-4.868347426986407434e-01,2.827446811441542973e-01,-7.513110870079751091e-01,1.985282372806444484e-01,1.502829588517369697e+00,1.362017658651033081e+00,5.284311457270696177e-01
-2.671048443763646141e-01,2.827446811441542973e-01,2.829594159219856464e-01,-1.048201065014876532e-01,-1.056434307572506892e+00,1.362017658651033081e+00,1.772005775338106881e+00
-4.772812688585417740e-01,2.827446811441542973e-01,3.863864662149816831e-01,-6.981837452662625898e-02,-6.177033539570992993e-01,1.362017658651033081e+00,1.772005775338106881e+00
3.347640075498700130e-01,2.827446811441542973e-01,1.278188404824915081e-01,4.960429590669663269e-01,1.135149020685796289e-01,1.362017658651033081e+00,-7.151434838839676456e-01
1.471627394521646481e+00,1.450099914405984292e+00,-1.464972383753568785e-03,8.577275228072007707e-01,1.283464111709665678e+00,1.362017658651033081e+00,-7.151434838839676456e-01
3.860631850680220495e-02,2.827446811441542973e-01,-4.410299361289868880e-01,8.185579736443980570e-02,5.888067684852711370e-01,1.362017658651033081e+00,-7.151434838839676456e-01
2.774431645092762522e-01,2.827446811441542973e-01,-5.186002238487339433e-01,5.543791790250686136e-01,4.060022044788514362e-01,1.362017658651033081e+00,-7.151434838839676456e-01
-8.020993794219064554e-01,-8.846105521176756969e-01,-4.410299361289868880e-01,-4.490038042542913721e-01,1.502829588517369697e+00,1.632734006344622291e+00,-7.151434838839676456e-01
-8.020993794219064554e-01,-8.846105521176756969e-01,-4.410299361289868880e-01,-6.940159280783211315e-01,9.178549836968261655e-01,1.632734006344622291e+00,-7.151434838839676456e-01
-8.020993794219064554e-01,-8.846105521176756969e-01,-5.186002238487339433e-01,-4.840055362291527663e-01,2.597585532737148872e-01,1.632734006344622291e+00,-7.151434838839676456e-01
-5.823694810996303817e-01,-8.846105521176756969e-01,-5.444569864219829247e-01,-5.423417561872551085e-01,1.866367276711472512e-01,1.632734006344622291e+00,-7.151434838839676456e-01
-5.346021118991355348e-01,-8.846105521176756969e-01,-3.376028858359907958e-01,-1.456554604721592705e-01,3.328803788762825233e-01,1.632734006344622291e+00,-7.151434838839676456e-01
-8.689736963025992411e-01,-8.846105521176756969e-01,-8.030246121544730720e-01,-1.178206553730570594e+00,-6.928966193784008576e-02,1.632734006344622291e+00,5.284311457270696177e-01
-1.002722330063984701e+00,-8.846105521176756969e-01,-9.581651875939671825e-01,-1.125703955768278419e+00,9.909768092993938016e-01,1.632734006344622291e+00,1.772005775338106881e+00
-8.689736963025992411e-01,-8.846105521176756969e-01,-1.087449000460212423e+00,-1.009031515852073735e+00,-2.886551387455442708e-01,1.632734006344622291e+00,-7.151434838839676456e-01
-9.358480131832919158e-01,-8.846105521176756969e-01,-9.064516624474692197e-01,-1.009031515852073735e+00,6.619285940878387731e-01,1.632734006344622291e+00,-7.151434838839676456e-01
-7.256715887011148114e-01,-8.846105521176756969e-01,-4.410299361289868880e-01,-9.681961618814021175e-01,-3.617769643481119068e-01,1.632734006344622291e+00,1.772005775338106881e+00
-8.498667486224013023e-01,-8.846105521176756969e-01,-7.771678495812240905e-01,-9.156935639191100540e-01,-3.617769643481119068e-01,1.632734006344622291e+00,1.772005775338106881e+00
-8.403132747823023330e-01,-8.846105521176756969e-01,-9.064516624474692197e-01,-8.690245879526281580e-01,5.156849428827022797e-01,1.632734006344622291e+00,1.772005775338106881e+00
-1.002722330063984701e+00,-8.846105521176756969e-01,-9.840219501672162750e-01,-1.195707419718001097e+00,-1.789724003416921783e-01,1.632734006344622291e+00,1.772005775338106881e+00
-1.002722330063984701e+00,-8.846105521176756969e-01,-9.840219501672162750e-01,-1.195707419718001097e+00,7.695398926729517253e-02,1.632734006344622291e+00,1.772005775338106881e+00
-1.002722330063984701e+00,-8.846105521176756969e-01,-9.840219501672162750e-01,-1.160705687743139869e+00,2.597585532737148872e-01,1.632734006344622291e+00,1.772005775338106881e+00
-1.429096844550780676e-01,2.827446811441542973e-01,1.278188404824915081e-01,-5.231750853919555494e-02,3.328803788762825233e-01,1.632734006344622291e+00,-7.151434838839676456e-01
6.309216965929378418e-01,2.827446811441542973e-01,-5.186002238487339433e-01,2.935319940214770398e-02,5.522458556839866528e-01,1.632734006344622291e+00,-7.151434838839676456e-01
-3.817465304575521357e-01,-8.846105521176756969e-01,-3.376028858359907958e-01,-4.723382922375323201e-01,-3.617769643481119068e-01,1.632734006344622291e+00,-7.151434838839676456e-01
3.443174813899689823e-01,2.827446811441542973e-01,1.795323656289895542e-01,-1.806571924470206925e-01,-2.886551387455442708e-01,1.632734006344622291e+00,-7.151434838839676456e-01
-4.963882165387396572e-01,-8.846105521176756969e-01,-2.341758355429947314e-01,-3.790003403045685837e-01,-5.811424411558154812e-01,1.632734006344622291e+00,1.772005775338106881e+00
-5.823694810996303817e-01,-8.846105521176756969e-01,-5.444569864219829247e-01,-7.231840380573723026e-01,-9.101906563673710648e-01,1.632734006344622291e+00,-7.151434838839676456e-01
-4.295138996580469271e-01,-8.846105521176756969e-01,-3.893164109824888142e-01,-4.648388654338532489e-02,6.619285940878387731e-01,1.632734006344622291e+00,-7.151434838839676456e-01
-5.346021118991355348e-01,-8.846105521176756969e-01,-4.927434612754849064e-01,-2.331597904093127838e-01,4.039307646601135449e-02,1.632734006344622291e+00,-7.151434838839676456e-01
-9.454014870233908852e-01,-8.846105521176756969e-01,-1.371873388765951551e+00,-1.003197893856263567e+00,3.330875228581566816e+00,1.632734006344622291e+00,5.284311457270696177e-01
-5.823694810996303817e-01,-8.846105521176756969e-01,-5.444569864219829247e-01,-8.106883679945258159e-01,-1.422043435585346405e+00,1.632734006344622291e+00,-7.151434838839676456e-01
-7.256715887011148114e-01,-8.846105521176756969e-01,-6.737407992882280539e-01,-4.256693162710504796e-01,1.137220460504530406e+00,1.632734006344622291e+00,-7.151434838839676456e-01
-7.352250625412137808e-01,-8.846105521176756969e-01,-5.961705115684809986e-01,-3.148304983506560184e-01,1.429707762914800950e+00,1.632734006344622291e+00,-7.151434838839676456e-01
